{"cameraMode":{"drawMode":0,"name":"Shaded","section":"Shading Mode"},"sceneLighting":true,"audioPlay":false,"sceneViewState":{"m_AlwaysRefresh":false,"showFog":true,"showSkybox":true,"showFlares":true,"showImageEffects":true,"showParticleSystems":true,"showVisualEffectGraphs":true,"m_FxEnabled":true},"in2DMode":false,"pivot":{"x":0.9850257635116577,"y":-1.1750166416168213,"z":4.184990882873535},"rotation":{"x":0.15658925473690034,"y":-0.2756846845149994,"z":0.04555237293243408,"w":0.9473259449005127},"size":5.651670932769775,"orthographic":false}